,epoch,train_loss,val_loss
0,1,0.6127238191613675,0.6125737820823747
1,2,0.5464737500644111,0.5461884354456512
2,3,0.4916843729780497,0.49127665485951766
3,4,0.4461249821468164,0.44560614265665693
4,5,0.4079955482393842,0.40737541789348114
5,6,0.3758653639007118,0.3751525476202133
6,7,0.34859354514294527,0.3477954214435485
7,8,0.3252814446448414,0.32440460782067815
8,9,0.30521988216779933,0.3042700995845301
9,10,0.28784577649639465,0.2868281714005163
10,11,0.2727045271112463,0.27162365561493235
11,12,0.2594340351541304,0.25829393340509543
12,13,0.2477355196447912,0.24653980955072927
13,14,0.2373737620459569,0.23612573002136716
14,15,0.22815255773647478,0.22685515800460493
15,16,0.21990865291411846,0.21856459683886675
16,17,0.21250716550818316,0.21111886194514887
17,18,0.20583910070491135,0.20440879190471534
18,19,0.199808304895991,0.19833804009825512
19,20,0.19433412607261455,0.1928257777830833
20,21,0.1893501258547416,0.18780539337090787
21,22,0.18480131627550683,0.18322182237777007
22,23,0.18063461673401046,0.1790218267532947
23,24,0.17680926062536004,0.17516455606365935
24,25,0.17328894362653569,0.17161359795345443
25,26,0.17004278061676484,0.16833800027465265
26,27,0.1670426336031654,0.16530952071206229
27,28,0.1642616965259686,0.16250131462674072
28,29,0.16168108145764623,0.1598944216926439
29,30,0.15928069569629294,0.15746865927642506
30,31,0.15704446637174646,0.15520793226912513
31,32,0.15495842168777743,0.15309817841485213
32,33,0.15300983550218442,0.15112670548775306
33,34,0.15118424717795254,0.1492789303569356
34,35,0.14947375604690516,0.14754695923336797
35,36,0.14786822980444062,0.14592059938773666
36,37,0.14636026147035244,0.14439244081007485
37,38,0.14493963155291797,0.14295220072289538
38,39,0.1436019369857051,0.141595445239394
39,40,0.1423396836893242,0.1403146772481294
40,41,0.1411475700226873,0.13910456001272942
41,42,0.14002159209638212,0.13796107996919504
42,43,0.1389555203511561,0.13687795891410232
43,44,0.13794647884066824,0.13585232198061328
44,45,0.13698949191037801,0.13487916031735106
45,46,0.13608195231973172,0.1339558692485109
46,47,0.13521960997640922,0.13307815523000516
47,48,0.1344007340786647,0.132244289867029
48,49,0.133621335806434,0.13145026999839754
49,50,0.1328805088993423,0.13069518134455632
50,51,0.132173711187127,0.12997444013196174
51,52,0.13150012481884002,0.12928723357534158
52,53,0.13085855671759236,0.12863235939702547
53,54,0.13024525951069618,0.1280060488897668
54,55,0.1296605175670488,0.12740861858709165
55,56,0.12910083445332243,0.12683649627324314
56,57,0.12856557770693317,0.12628906581475205
57,58,0.12805395452324814,0.12576553459254733
58,59,0.1275641967171743,0.12526412476432824
59,60,0.12709465066886813,0.12478316175327342
60,61,0.1266446955568352,0.1243220181652403
61,62,0.12621328931261377,0.12387965455706484
62,63,0.12579946335879613,0.12345509427877113
63,64,0.12540264099633688,0.12304776277437524
64,65,0.12502164347877887,0.1226564554407237
65,66,0.12465528924395917,0.12227998348428569
66,67,0.12430320724779946,0.12191797924437757
67,68,0.12396536113838257,0.1215704106965806
68,69,0.12363975455347517,0.1212352517975626
69,70,0.12332650113022506,0.12091262443233307
70,71,0.12302529222071586,0.1206022335587573
71,72,0.12273491120698038,0.1203028208410573
72,73,0.1224554873612633,0.12001453612549358
73,74,0.12218621922702619,0.11973655935764933
74,75,0.12192640293608539,0.11946819249145171
75,76,0.12167613639741956,0.119209538294438
76,77,0.12143508718689358,0.1189602647655856
77,78,0.1212020626329493,0.11871912791084781
78,79,0.12097692987762264,0.11848602408772285
79,80,0.1207595467617743,0.11826080463868842
80,81,0.12054962877741178,0.11804317905052991
81,82,0.12034726949256912,0.11783325388937597
82,83,0.1201514050400263,0.11762993322665533
83,84,0.11996214177273525,0.1174333438623262
84,85,0.11977942553235131,0.11724343512537798
85,86,0.11960220715391971,0.11705912260125031
86,87,0.11943095363694003,0.11688089326800666
87,88,0.11926502506336517,0.116708098359501
88,89,0.11910444215825554,0.11654075815346603
89,90,0.11894916641766305,0.11637883266434008
90,91,0.11879885771775746,0.11622199040324535
91,92,0.11865302159363844,0.11606971113683485
92,93,0.11851195803559852,0.11592230770003711
93,94,0.11837531261449703,0.11577943399422037
94,95,0.11824288689133093,0.11564087716469805
95,96,0.11811459617592313,0.1155065345034443
96,97,0.11798994403957838,0.11537590618453912
97,98,0.11786934492884217,0.11524944519901047
98,99,0.1177519640708439,0.11512627290868542
99,100,0.11763824761644483,0.11500685323573728
100,101,0.11752771515106815,0.11489069982804115
101,102,0.1174208072051264,0.11477826604860109
102,103,0.11731678329067463,0.1146687793295737
103,104,0.11721565910920986,0.11456227356765952
104,105,0.1171174518552382,0.1144587613712135
105,106,0.11702208408189836,0.11435816735441555
106,107,0.1169294212838139,0.11426035095544641
107,108,0.11683938601200815,0.11416523207714534
108,109,0.11675209363178209,0.11407294197794478
109,110,0.11666719622743407,0.11398310674769689
110,111,0.11658470604469962,0.11389575753959127
111,112,0.11650439367235656,0.11381063233763448
112,113,0.116426382767747,0.11372788761067626
113,114,0.11635070640538284,0.1136475610900651
114,115,0.11627688734849585,0.11356913761803517
115,116,0.11620491721710692,0.11349261612824817
116,117,0.11613503020958804,0.11341824507531634
117,118,0.11606687658903449,0.11334565981106866
118,119,0.11600104717483027,0.11327549521240064
119,120,0.1159364801659547,0.11320661472421081
120,121,0.11587414802020263,0.1131400700828896
121,122,0.11581293793696601,0.11307466013817477
122,123,0.11575334351910042,0.11301092135846069
123,124,0.11569528139280057,0.11294876442056123
124,125,0.11563872107259282,0.11288816092792407
125,126,0.11558364112923152,0.11282909604607255
126,127,0.11552995992472004,0.1127714782081594
127,128,0.11547765950879557,0.11271529293502384
128,129,0.11542668207340566,0.11266047758596784
129,130,0.11537726260648264,0.11260728570955846
130,131,0.11532902177519867,0.11255532370624471
131,132,0.11528203151671078,0.11250465316998606
132,133,0.11523607376818235,0.11245504581998285
133,134,0.11519155476371835,0.1124069643334009
134,135,0.11514781159609375,0.11235966932979133
135,136,0.11510513987069403,0.1123134861461341
136,137,0.11506351216397143,0.11226839044932803
137,138,0.1150229096335004,0.11222436244420014
138,139,0.11498355149867161,0.11218164429499902
139,140,0.11494490243135828,0.11213965416530633
140,141,0.11490719210539581,0.11209864402945129
141,142,0.11487039220004137,0.11205858252412297
142,143,0.11483457191605242,0.1120195469318685
143,144,0.11479968207360013,0.11198148412020048
144,145,0.11476545726982615,0.11194411514949273
145,146,0.11473206448480759,0.11190761964722927
146,147,0.11469952285069798,0.11187201199429725
147,148,0.11466768738593063,0.11183714685013363
148,149,0.1146367454112847,0.11180321750044704
149,150,0.11460645283289315,0.11176996961729142
150,151,0.11457691455294583,0.11173751905229762
151,152,0.11454794416206342,0.11170565833858809
152,153,0.11451983655208724,0.11167470259175255
153,154,0.11449219016277697,0.11164423260976357
154,155,0.11446522930704546,0.11161448233324103
155,156,0.11443900828801419,0.11158551852540122
156,157,0.11441334491332518,0.11155714444432605
157,158,0.1143882576758036,0.11152937003688607
158,159,0.11436379164021855,0.11150225654269909
159,160,0.1143397232526664,0.11147555761814798
160,161,0.11431618232910729,0.1114494128920804
161,162,0.11429318647501154,0.11142384516759093
162,163,0.1142707064308915,0.1113988171532769
163,164,0.11424872730104822,0.11137432463109473
164,165,0.1142273224659248,0.11135043854159747
165,166,0.11420645293987129,0.11132712785938007
166,167,0.11418596676130247,0.11130421843287115
167,168,0.11416599078139777,0.11128185747321344
168,169,0.11414633776188675,0.11125982994172862
169,170,0.11412710887646353,0.1112382520499958
170,171,0.11410841381795,0.11121724993969245
171,172,0.11409008562932114,0.11119663327587388
172,173,0.11407214030794775,0.11117642171405981
173,174,0.11405452986345817,0.11115656477881941
174,175,0.11403731191441852,0.1111371271906945
175,176,0.1140204873730507,0.11111810772665293
176,177,0.11400399935988695,0.11109944836420851
177,178,0.11398791028520074,0.11108121195050699
178,179,0.11397212322139536,0.11106330196257548
179,180,0.11395679415985942,0.11104588461752087
180,181,0.11394167259863337,0.11102868647014197
181,182,0.11392691806239832,0.11101188004746046
182,183,0.113912424246895,0.11099535367431929
183,184,0.11389824163868638,0.11097916152750362
184,185,0.1138844263208387,0.11096336517910589
185,186,0.11387083034804547,0.11094780280655493
186,187,0.11385752323328117,0.11093254859929799
187,188,0.1138445719626486,0.11091768585476193
188,189,0.11383183802917489,0.11090305125320865
189,190,0.11381944325744807,0.11088879026731321
190,191,0.11380723042667033,0.11087471737938843
191,192,0.11379537601992713,0.11086104039491206
192,193,0.1137836428902398,0.11084748544446332
193,194,0.11377211185223286,0.11083414313990246
194,195,0.11376102288609909,0.11082129701702972
195,196,0.11374997870546069,0.11080848571477997
196,197,0.11373927402231075,0.1107960522017399
197,198,0.11372874787780067,0.11078380672023332
198,199,0.11371836229154135,0.11077170933748959
199,200,0.11370823251185402,0.11075989306533013
